<?xml version='1.0' encoding='utf-8'?>
<!DOCTYPE hibernate-configuration PUBLIC
        "-//Hibernate/Hibernate Configuration DTD 3.0//EN"
        "http://hibernate.sourceforge.net/hibernate-configuration-3.0.dtd">

<hibernate-configuration>
<session-factory>

	<property name="connection.driver_class">com.mysql.jdbc.Driver</property>
   
	<property name="connection.url">jdbc:mysql://localhost:3306/d_vshine?useUnicode=true&amp;characterEncoding=UTF-8&amp;autoReconnect=true</property>
	<property name="connection.username">root</property>
	<property name="connection.password">root</property>

  <!-- 
 <property name="connection.url">jdbc:mysql://localhost:3306/iboling?useUnicode=true&amp;characterEncoding=UTF-8</property>
	<property name="connection.username">iboling</property>
	<property name="connection.password">5201314</property>
	 -->
	
	
	<property name="dialect">org.hibernate.dialect.MySQL5Dialect</property>
	<property name="current_session_context_class">thread</property>
	<property name="show_sql">true</property>
	<property name="hbm2ddl.auto">update</property>
	<property name="connection.autoReconnect">true</property>
    <property name="connection.autoReconnectForPools">true</property>
    <property name="connection.is-connection-validation-required">true</property>
    
	<property name="hibernate.connection.provider_class">org.hibernate.connection.C3P0ConnectionProvider</property>
	<property name="hibernate.c3p0.max_size">100</property>
	<property name="hibernate.c3p0.min_size">5</property>
    <property name="hibernate.c3p0.timeout">3000</property>
    <property name="hibernate.c3p0.max_statements">100</property>
    <property name="hibernate.c3p0.idle_test_period">120</property>
    <property name="hibernate.c3p0.acquire_increment">2</property>
    <property name="hibernate.c3p0.validate">false</property>
    <property name="transaction.auto_close_session">true</property>
	

	<!--映射文件配置-->
	<mapping resource="context/hibernate/maping/Department.hbm.xml" />
	<mapping resource="context/hibernate/maping/User.hbm.xml" />
	<mapping resource="context/hibernate/maping/Portal.hbm.xml" />
	<mapping resource="context/hibernate/maping/Record.hbm.xml" />
	<mapping resource="context/hibernate/maping/Stronghold.hbm.xml" />
	<mapping resource="context/hibernate/maping/Cashier.hbm.xml" />
	<mapping resource="context/hibernate/maping/FeeRule.hbm.xml" />
	<mapping resource="context/hibernate/maping/VipCar.hbm.xml" />
</session-factory>

</hibernate-configuration>

