<?xml version="1.0" encoding="UTF-8"?>
<beans xmlns="http://www.springframework.org/schema/beans"
	xmlns:xsi="http://www.w3.org/2001/XMLSchema-instance" 
	xmlns:tx="http://www.springframework.org/schema/tx"
	xmlns:aop="http://www.springframework.org/schema/aop"
	xsi:schemaLocation=" 
	  http://www.springframework.org/schema/beans 
	  http://www.springframework.org/schema/beans/spring-beans-2.5.xsd
	  http://www.springframework.org/schema/tx 
	  http://www.springframework.org/schema/tx/spring-tx-2.5.xsd
	  http://www.springframework.org/schema/aop 
	  http://www.springframework.org/schema/aop/spring-aop-2.5.xsd
	"
	> 

	<bean id="SessionFactory"
		class="org.springframework.orm.hibernate3.LocalSessionFactoryBean">
		<property name="configLocation">   
            <value>classpath:context/hibernate/hibernate.cfg.xml</value>   
        </property> 
        <property name="hibernateProperties">  
		   <props>  
		        <prop key="hibernate.autoReconnect">true</prop>   
		  </props>  
        </property>  
	</bean>
	<bean id="hibernateTemplate" class="org.springframework.orm.hibernate3.HibernateTemplate">
		<property name="sessionFactory" ref="SessionFactory" />
	</bean>
	<bean id="transactionManager"
		class="org.springframework.orm.hibernate3.HibernateTransactionManager">
		<property name="sessionFactory" ref="SessionFactory"></property>
	</bean>

     <aop:config proxy-target-class="true">
		<aop:pointcut expression="execution(* com.sunset.core.service.impl.*.*(..))" id="Serivce" />
		<aop:advisor advice-ref="txAdvice" pointcut-ref="Serivce" />
	</aop:config>
	<tx:advice id="txAdvice" transaction-manager="transactionManager">
		<tx:attributes>
			<tx:method name="query*" read-only="true" />
			<tx:method name="count*" read-only="true" />
			<tx:method name="add*" propagation="REQUIRED" />
			<tx:method name="delete*" propagation="REQUIRED" />
			<tx:method name="update*" propagation="REQUIRED" />
			<tx:method name="save*" propagation="REQUIRED" />
		</tx:attributes>
	</tx:advice>
</beans>